{
  "Sentiment": "NEUTRAL",
  "SentimentScore": {
    "Positive": 0.0027102481108158827,
    "Negative": 0.041360098868608475,
    "Neutral": 0.9489061236381531,
    "Mixed": 0.0070235393941402435
  }
}
