{
  "Sentiment": "NEUTRAL",
  "SentimentScore": {
    "Positive": 0.0006684965919703245,
    "Negative": 0.002501124981790781,
    "Neutral": 0.9960727691650391,
    "Mixed": 0.0007576110074296594
  }
}
