{
  "Sentiment": "NEUTRAL",
  "SentimentScore": {
    "Positive": 0.0002677234588190913,
    "Negative": 0.0032846052199602127,
    "Neutral": 0.9956810474395752,
    "Mixed": 0.0007666705641895533
  }
}
