{
  "Sentiment": "NEUTRAL",
  "SentimentScore": {
    "Positive": 0.2844769358634949,
    "Negative": 0.0044372049160301685,
    "Neutral": 0.6677707433700562,
    "Mixed": 0.0433150976896286
  }
}
