{
  "Sentiment": "NEUTRAL",
  "SentimentScore": {
    "Positive": 0.0002331519644940272,
    "Negative": 0.010412802919745445,
    "Neutral": 0.9875619411468506,
    "Mixed": 0.0017920206300914288
  }
}
