{
  "Sentiment": "NEUTRAL",
  "SentimentScore": {
    "Positive": 0.001403461559675634,
    "Negative": 0.0013086354592815042,
    "Neutral": 0.9964160919189453,
    "Mixed": 0.0008717869059182703
  }
}
