{
  "Sentiment": "NEUTRAL",
  "SentimentScore": {
    "Positive": 0.00029021810041740537,
    "Negative": 0.03620053082704544,
    "Neutral": 0.9596571922302246,
    "Mixed": 0.003852077992632985
  }
}
