{
  "Sentiment": "NEUTRAL",
  "SentimentScore": {
    "Positive": 0.0020281830802559853,
    "Negative": 0.0009681629599072039,
    "Neutral": 0.9952961802482605,
    "Mixed": 0.0017074625939130783
  }
}
