{
  "Sentiment": "NEUTRAL",
  "SentimentScore": {
    "Positive": 0.0002596211852505803,
    "Negative": 0.0029129106551408768,
    "Neutral": 0.9964382648468018,
    "Mixed": 0.00038921734085306525
  }
}
